Genome,X,Y,Cluster
b1,-0.04977609036597789,-0.005987623126613189,2
b8,0.06566789696818302,-0.034709596266884905,1
b6,0.035829846924137425,0.04667188091083106,3
b7,-0.051721653526342413,-0.005974661517332881,2
