{"NC_017656": 0.5154613849622359, "NC_020518": 0.5216374579920747, "NC_007606": 0.5228921349730931, "NC_011742": 0.517368137582017, "NC_013364": 0.5171375218232385, "NC_012947": 0.5188903394385874, "NC_022364": 0.5189684910558697, "NC_009801": 0.5166524449379213, "NC_017641": 0.517721804271562, "NC_008258": 0.5197078669260968}