{"001SaciDSM13117T": 0.6915398384301396, "003SaciSPDF1": 0.6912126495876777, "019SindLMG29892T": 0.6664358859992815, "013SgenN1": 0.6692219967776369, "015SgenSCPM-O-B-9794": 0.6679976433144, "005SaciAPG1": 0.6914996139426081, "011SdaeJCM16244T": 0.690169296670117, "007SbenVV6": 0.6686402578588909, "017SgoyBIO128": 0.6691625146010467, "009ScheBIGb0227": 0.6715022464351855, "039SmalLH_B2": 0.6711595861195383, "037SmalCF13": 0.6683125509516195, "023SindRS7": 0.6652490391746346, "041SmalSTEN00241": 0.6692193096333799, "027SlacM15T": 0.6619067349740646, "047SmalACYCb_6H": 0.66846678352171, "021SindMGMM10": 0.6676547057055149, "025SkorDSM17805T": 0.6648153096340573, "035SmalNCTC10257T": 0.6655829519009345, "033SlacBi35": 0.6631627506249724, "029SlacTUM20371": 0.6624636948204179, "031SlacBi66": 0.6616127770080823, "051SmalPEG_305": 0.6755952894222952, "049SmalNCTC10259": 0.6725765474494692, "026SkorW1S232": 0.665777447216478, "008ScheDSM21508T": 0.6714086205373445, "006SbenDSM103927T": 0.6700215024540981, "053SmalPEG_42": 0.6650113854040761, "045SmalSJTL3": 0.6669192144176449, "012SgenJCM13324T": 0.6656349688239248, "010ScycLMG31208T": 0.6753236214101546, "004SaciSUNEO": 0.6986892596464312, "002SaciT0-18T": 0.6939182664525176, "043SmalSJTH1": 0.6637424198553072, "055SmalCSM2": 0.6700457408372736, "061SmalAA1": 0.6780777735606, "016SginDSM24757T": 0.6646639053086233, "069SmalSoD9b": 0.6713366923793519, "059SmalU5": 0.667109872729154, "057SmalKMM_349": 0.6657206541266254, "071SmalDHHJ": 0.6671054736864293, "024SindCPHE1": 0.6639883771508563, "073SmalPEG_173": 0.6650997301792296, "020SindDAIF1": 0.6665620309172119, "067SmalACYCd9D": 0.6691093858150452, "065SmalISMMS2R": 0.6685115673309253, "063SmalOUC_Est10": 0.6664787550543297, "014SgenSMYL98": 0.6691444109054795, "018ShumDSM18929T": 0.6442463743530191, "080SnitDSM12575T": 0.6859850242090809, "088SpicJCM9942T": 0.6629275841894747, "082SpanJCM16536T": 0.6914172486397349, "084SpavDSM25135T": 0.6771046581577217, "096SrhiUSBAGBX843": 0.6679963282643093, "094SrhiCFBP9006": 0.675733944670381, "028SlacYR347": 0.6632245278514279, "092SrhiBl2-2": 0.6718203026348966, "075SmorCPCC101365T": 0.7015755387614353, "086SpavPI-27": 0.6763602661711652, "098SrhiDE0483": 0.6776069327656384, "077SmurCCV155": 0.6713100234177272, "040SmalGYH": 0.6687088235307524, "090SrhiDSM14405T": 0.6761459707854302, "034SlauK32T": 0.6666357061889716, "032SlacRIT_As_2": 0.6638489352483603, "030SlacAs7": 0.6631303509417468, "056SmalJV3": 0.6729790179473157, "110UCE_D3_125": 0.6671057428762314, "108StumJCM30961T": 0.6584116076712687, "038SmalSGY2": 0.6721338648209668, "054SmalNCTC13014": 0.6669386391901175, "042SmalWGB211": 0.6646167246191936, "104SsepZH16.fasta": 0.6688117333111037, "102SrhiBIGb0277": 0.6675161333425196, "048SmalPEG_68": 0.6713152628096014, "036SmalNCTC10258": 0.670131652384679, "070SmalPEG_141": 0.6651076326211709, "060SmalX28": 0.668695443182351, "106SsepSMYL57": 0.6705569461827284, "050Smal2013SM12": 0.6736914846928951, "064SmalJZL8": 0.6670958241935324, "052SmalMER1": 0.6634969843892286, "066SmalCol1": 0.6690488915154251, "022SindK279a": 0.6628051775620186, "068Smal2013_SM4": 0.6674814308417953, "100SrhiRIT_551": 0.6726053588544508, "058SmalR551_3": 0.6663295027014622, "114ICU_New_188": 0.6673455327987584, "132PdokDSM21858T": 0.6476408620584667, "083SpanGSS15": 0.691509868909662, "046SmalZT1": 0.6690562236340429, "085SpavY": 0.6742845441048482, "044SmalFZD2": 0.6677596393796995, "076SmurDSM28631T": 0.6703383270751974, "124UCE_D3_105": 0.6652720634860445, "126ICU_D3_80": 0.6671990741358498, "116GM_D3_185": 0.6687029853438791, "120ICU_D4_5": 0.6616038948343446, "128ICU_D4_12": 0.6691073812437424, "081Snit2001": 0.6439655506994804, "099SrhiGN_RF2_1": 0.6816519122962706, "072SmalT50_20": 0.6646747356593568, "062SmalISMMS3": 0.6707056256462951, "118GM_D4_135": 0.6696683454955528, "112GM_D5_87": 0.6689382005069361, "130GM_D4_145": 0.667793520986002, "122UCE_D5_25": 0.666786340025629, "089SriyCFS3442T": 0.6658301284725306, "079SnemCPCC101271T": 0.6765758426301134, "107SterDSM18941T": 0.6437485538504764, "103SsepSM16975T": 0.6684178252008012, "105SsepSMYL93": 0.6689108150460511, "095SrhiIS26": 0.6682469893834869, "074SmalSM_866": 0.6645042890665489, "Spigmentata610A2": 0.6382596298424783, "097SrhiJC1": 0.6786071621668318, "091SrhiSR80": 0.672666809090852, "087SpenSa5BUN4T": 0.6670179264182997, "111UCE_D5_37": 0.6665221079275546, "SaraA5588": 0.6703671095520913, "109ICU_D3_102": 0.6659218556434635, "101SrhiBIGb0145": 0.6689876606782322, "093SrhiCFBP13529": 0.6773625033517849, "115ICU_New_296": 0.6673751340802063, "133XmalLMG27592T": 0.6633369548508794, "125GM_D5_149": 0.6664143018226129, "121ICU_D4_210": 0.661515118849626, "113ICU_New_95": 0.6671675974155512, "119UCE_D6_43": 0.6705701713155079, "117GM_D3_189": 0.6696529649388477, "129ICU_D4_90": 0.6689895775021852, "123UCE_D6_155": 0.6647398279578851, "078SmurSMYL13_": 0.6731916330751174, "127H_D3_146": 0.6691257353871513, "131PhibATCC19867T": 0.667733747796769, "SoahA5586": 0.6577654722351232}