{"b1": 42.32432432432432, "b6": 43.32432432432432, "b7": 67.32432432432432, "b8": 22.64864864864865}